name,x,y
data1,0,0
data2,95.0082999999358,0
data3,95.0082999999358,73.8928962881601
data4,0,73.8928962881601
data5,305.179874999968,44.8099522985479
data6,209.188174999904,44.8099522985479
data7,209.188174999904,136.032382854115
data8,305.179874999968,136.032382854115
